{
  "model": "random_forest",
  "threshold": 0.1945943691959422,
  "recall": 0.9523809523809523,
  "precision": 0.9523809523809523,
  "f1": 0.9523809523809523,
  "confusion_matrix": [
    [
      70,
      2
    ],
    [
      2,
      40
    ]
  ],
  "classification_report": {
    "0": {
      "precision": 0.9722222222222222,
      "recall": 0.9722222222222222,
      "f1-score": 0.9722222222222222,
      "support": 72.0
    },
    "1": {
      "precision": 0.9523809523809523,
      "recall": 0.9523809523809523,
      "f1-score": 0.9523809523809523,
      "support": 42.0
    },
    "accuracy": 0.9649122807017544,
    "macro avg": {
      "precision": 0.9623015873015872,
      "recall": 0.9623015873015872,
      "f1-score": 0.9623015873015872,
      "support": 114.0
    },
    "weighted avg": {
      "precision": 0.9649122807017544,
      "recall": 0.9649122807017544,
      "f1-score": 0.9649122807017544,
      "support": 114.0
    }
  }
}