{
  "model": "xgboost",
  "threshold": 0.43167989552021024,
  "recall": 0.9523809523809523,
  "precision": 1.0,
  "f1": 0.975609756097561,
  "confusion_matrix": [
    [
      72,
      0
    ],
    [
      2,
      40
    ]
  ],
  "classification_report": {
    "0": {
      "precision": 0.972972972972973,
      "recall": 1.0,
      "f1-score": 0.9863013698630136,
      "support": 72.0
    },
    "1": {
      "precision": 1.0,
      "recall": 0.9523809523809523,
      "f1-score": 0.975609756097561,
      "support": 42.0
    },
    "accuracy": 0.9824561403508771,
    "macro avg": {
      "precision": 0.9864864864864865,
      "recall": 0.9761904761904762,
      "f1-score": 0.9809555629802873,
      "support": 114.0
    },
    "weighted avg": {
      "precision": 0.9829302987197724,
      "recall": 0.9824561403508771,
      "f1-score": 0.9823623542652152,
      "support": 114.0
    }
  }
}