{
  "model": "svm_rbf",
  "threshold": 0.17139846193080888,
  "recall": 0.9523809523809523,
  "precision": 0.8333333333333334,
  "f1": 0.888888888888889,
  "confusion_matrix": [
    [
      64,
      8
    ],
    [
      2,
      40
    ]
  ],
  "classification_report": {
    "0": {
      "precision": 0.9696969696969697,
      "recall": 0.8888888888888888,
      "f1-score": 0.927536231884058,
      "support": 72.0
    },
    "1": {
      "precision": 0.8333333333333334,
      "recall": 0.9523809523809523,
      "f1-score": 0.8888888888888888,
      "support": 42.0
    },
    "accuracy": 0.9122807017543859,
    "macro avg": {
      "precision": 0.9015151515151516,
      "recall": 0.9206349206349206,
      "f1-score": 0.9082125603864735,
      "support": 114.0
    },
    "weighted avg": {
      "precision": 0.9194577352472089,
      "recall": 0.9122807017543859,
      "f1-score": 0.9132977370963641,
      "support": 114.0
    }
  }
}