{
  "model": "lightgbm",
  "threshold": 0.3768967214104489,
  "recall": 0.9761904761904762,
  "precision": 1.0,
  "f1": 0.9879518072289156,
  "confusion_matrix": [
    [
      72,
      0
    ],
    [
      1,
      41
    ]
  ],
  "classification_report": {
    "0": {
      "precision": 0.9863013698630136,
      "recall": 1.0,
      "f1-score": 0.993103448275862,
      "support": 72.0
    },
    "1": {
      "precision": 1.0,
      "recall": 0.9761904761904762,
      "f1-score": 0.9879518072289156,
      "support": 42.0
    },
    "accuracy": 0.9912280701754386,
    "macro avg": {
      "precision": 0.9931506849315068,
      "recall": 0.9880952380952381,
      "f1-score": 0.9905276277523889,
      "support": 114.0
    },
    "weighted avg": {
      "precision": 0.9913482335976929,
      "recall": 0.9912280701754386,
      "f1-score": 0.9912054752585661,
      "support": 114.0
    }
  }
}