{
  "baseline_metrics": {
    "accuracy": 0.9736842105263158,
    "precision": 1.0,
    "recall": 0.9285714285714286,
    "f1": 0.9629629629629629
  },
  "ga_optimized_metrics": {
    "accuracy": 0.9649122807017544,
    "precision": 1.0,
    "recall": 0.9047619047619048,
    "f1": 0.95
  },
  "improvements": {
    "accuracy": -0.00877192982456143,
    "precision": 0.0,
    "recall": -0.023809523809523836,
    "f1": -0.012962962962962954
  },
  "timestamp": "2025-10-12T23:14:54.144406"
}