{
  "model_type": "lightgbm",
  "best_params": {
    "n_estimators": 453,
    "max_depth": 12,
    "learning_rate": 0.25203255576694483,
    "subsample": 0.9389659233361427,
    "colsample_bytree": 0.6037095788954148,
    "reg_alpha": 0.007823107152157949,
    "reg_lambda": 0.46981270434176803,
    "num_leaves": 117
  },
  "best_fitness": 0.9659481963339543,
  "convergence_data": {
    "generation": [
      0,
      1,
      2,
      3,
      4,
      5,
      6,
      7,
      8,
      9,
      10,
      11,
      12,
      13,
      14,
      15,
      16,
      17,
      18,
      19,
      20,
      21,
      22,
      23,
      24,
      25,
      26,
      27,
      28,
      29,
      30
    ],
    "avg_fitness": [
      0.9459879198288178,
      0.949524906871495,
      0.9516805184468666,
      0.9508267500419944,
      0.9540683077174394,
      0.9547945380638447,
      0.9537963565938048,
      0.9547655456094196,
      0.9559758560828516,
      0.9558542820348912,
      0.9560877612071826,
      0.957186712024762,
      0.9587075871414291,
      0.9618440759568049,
      0.9606397856183289,
      0.9605553281455951,
      0.9597278017437219,
      0.961032548788263,
      0.9593024620519907,
      0.960478875880127,
      0.959480525537693,
      0.9586273056020943,
      0.9592208775253215,
      0.9599098326183712,
      0.961333683768251,
      0.9617385547846431,
      0.9611827799295486,
      0.9602188055485797,
      0.9590408519258702,
      0.9608470321269733,
      0.9611974680621209
    ],
    "max_fitness": [
      0.9606492777196856,
      0.9606492777196856,
      0.9620805642551681,
      0.9620805642551681,
      0.9621114305063417,
      0.9620805642551681,
      0.9620805642551681,
      0.9644915680375494,
      0.9644915680375494,
      0.9635371925515728,
      0.9635371925515728,
      0.9635371925515728,
      0.9635371925515728,
      0.9635371925515728,
      0.9635371925515728,
      0.9635371925515728,
      0.9635371925515728,
      0.9635371925515728,
      0.9635371925515728,
      0.9635371925515728,
      0.9635371925515728,
      0.9635371925515728,
      0.9635371925515728,
      0.9635371925515728,
      0.9659481963339543,
      0.9659481963339543,
      0.9659481963339543,
      0.9659481963339543,
      0.9659481963339543,
      0.9659481963339543,
      0.9659481963339543
    ],
    "min_fitness": [
      0.9138086970083898,
      0.9060040887430352,
      0.9399494425461662,
      0.9384534701681684,
      0.9414053961073829,
      0.942374423918516,
      0.9084907131394,
      0.9447499367301218,
      0.9346120095597266,
      0.9375229011722565,
      0.9408898719944165,
      0.9437327876476296,
      0.9336793654953293,
      0.9452442109988294,
      0.9321854681858167,
      0.9375193908968743,
      0.9414053961073829,
      0.9297573238745243,
      0.9361059473781678,
      0.9438307674801227,
      0.9388978023622004,
      0.9427813993167776,
      0.9336409208291014,
      0.9413617160637028,
      0.9451894159440344,
      0.942320514130093,
      0.9452500202238787,
      0.9399053725020962,
      0.9337005042320644,
      0.9408686117961652,
      0.9414115953328223
    ],
    "std_fitness": [
      0.007936432826192977,
      0.008035073257400804,
      0.005021587716527882,
      0.005324545371702815,
      0.005040463208066764,
      0.004880376937930468,
      0.008238716423856412,
      0.005090198129380644,
      0.005582559339789184,
      0.0071164034253410205,
      0.006590542589721848,
      0.006082641307253092,
      0.007062473986652054,
      0.003879436625318954,
      0.006698326903404192,
      0.006498211324347602,
      0.006377599060220986,
      0.006196135902524377,
      0.007524675508922907,
      0.005602981909301595,
      0.007046773208149099,
      0.006251203953027889,
      0.0070788131953048875,
      0.006129506405938125,
      0.004303943839347708,
      0.004830949294639781,
      0.004726001872092724,
      0.005776382578938449,
      0.007921570529116791,
      0.005553185978783751,
      0.006818552062231224
    ]
  },
  "ga_config": {
    "population_size": 50,
    "generations": 30,
    "crossover_prob": 0.7,
    "mutation_prob": 0.3,
    "tournament_size": 3,
    "random_state": 42
  },
  "timestamp": "2025-10-12T22:23:53.699232"
}