{
  "model_type": "lightgbm",
  "best_params": {
    "n_estimators": 372,
    "max_depth": 14,
    "learning_rate": 0.21338424234116843,
    "subsample": 0.7655240279072509,
    "colsample_bytree": 0.7488569038022821,
    "reg_alpha": 0.004285019120147893,
    "reg_lambda": 0.21881911725902836,
    "num_leaves": 65
  },
  "best_fitness": 0.9673745884010785,
  "convergence_data": {
    "generation": [
      0,
      1,
      2,
      3,
      4,
      5,
      6,
      7,
      8,
      9,
      10,
      11,
      12,
      13,
      14,
      15,
      16,
      17,
      18,
      19,
      20,
      21,
      22,
      23,
      24,
      25,
      26,
      27,
      28,
      29,
      30,
      31,
      32,
      33,
      34,
      35,
      36,
      37,
      38,
      39,
      40,
      41,
      42,
      43,
      44,
      45,
      46,
      47,
      48,
      49,
      50
    ],
    "avg_fitness": [
      0.9463539996782323,
      0.9489823810131319,
      0.9503154367131476,
      0.9505767464141759,
      0.9511411844370159,
      0.9522959419357854,
      0.9536453753167953,
      0.953857693333255,
      0.9537726151924716,
      0.9540933176059833,
      0.9547132037820474,
      0.9551322133156809,
      0.95585065745511,
      0.9564945545325415,
      0.9575924534427589,
      0.9574473539642667,
      0.9575067901857761,
      0.9574702706812515,
      0.956636654278903,
      0.9575131622454622,
      0.9572726057391574,
      0.9572983653211381,
      0.9584028484371376,
      0.9586578213714727,
      0.9608150490058891,
      0.9583079523496345,
      0.9618011859005478,
      0.9594284486507032,
      0.9595324084346692,
      0.9596290276818411,
      0.9597783058838895,
      0.9623416097034692,
      0.9620627188662866,
      0.9624079692112364,
      0.9615959765404195,
      0.9597291989082425,
      0.9622003636852885,
      0.9615473380674844,
      0.9615967064302791,
      0.9598688066702884,
      0.963031343322738,
      0.9620930680024877,
      0.9604558319537414,
      0.9594383293682863,
      0.9602409309181876,
      0.9608617555379263,
      0.9606538127367836,
      0.960602868918954,
      0.9603128375466727,
      0.9592893905004931,
      0.962356753628508
    ],
    "max_fitness": [
      0.9606492777196856,
      0.9621114305063417,
      0.9635371925515728,
      0.9659481963339543,
      0.9659481963339543,
      0.9659481963339543,
      0.9659481963339543,
      0.9659124356144224,
      0.9621114305063417,
      0.9635371925515728,
      0.9659481963339543,
      0.9645312732165655,
      0.9659481963339543,
      0.9659481963339543,
      0.9659481963339543,
      0.9659481963339543,
      0.9659481963339543,
      0.9673745884010785,
      0.9673745884010785,
      0.9673745884010785,
      0.9673745884010785,
      0.9673745884010785,
      0.9673745884010785,
      0.9673745884010785,
      0.9673745884010785,
      0.9673745884010785,
      0.9673745884010785,
      0.9673745884010785,
      0.9673745884010785,
      0.9673745884010785,
      0.9673745884010785,
      0.9673745884010785,
      0.9673745884010785,
      0.9673745884010785,
      0.9673745884010785,
      0.9673745884010785,
      0.9673745884010785,
      0.9673745884010785,
      0.9673745884010785,
      0.9673745884010785,
      0.9673745884010785,
      0.9673745884010785,
      0.9673745884010785,
      0.9673745884010785,
      0.9673745884010785,
      0.9673745884010785,
      0.9673745884010785,
      0.9673745884010785,
      0.9673745884010785,
      0.9673745884010785,
      0.9673745884010785
    ],
    "min_fitness": [
      0.9138086970083898,
      0.917692293962967,
      0.9385359990274594,
      0.9162721847989653,
      0.921578622455036,
      0.9321854681858167,
      0.9384975402122384,
      0.9384930989845593,
      0.9321874018837515,
      0.9346478053098719,
      0.9384975402122384,
      0.9351348181386139,
      0.9374930903473346,
      0.9413726360746227,
      0.9399494425461662,
      0.9390259389997976,
      0.9351163798183666,
      0.9350923486050324,
      0.9399053725020962,
      0.9351518977179845,
      0.9399703075670311,
      0.9322177273006447,
      0.9375229011722565,
      0.9375264514816133,
      0.9414734254506725,
      0.9255080990850255,
      0.9399053725020962,
      0.9351348181386139,
      0.9384975402122384,
      0.9321874018837515,
      0.9308249079267016,
      0.942374423918516,
      0.9346478053098719,
      0.9399494425461662,
      0.9422778495963164,
      0.9409225215845883,
      0.9268841240554047,
      0.9162709516464485,
      0.9375727804413758,
      0.9045965616380809,
      0.9413627315736065,
      0.9384930989845593,
      0.9360709988383287,
      0.9293730055927739,
      0.9399067780123898,
      0.9374757108531943,
      0.9409225215845883,
      0.9370840966935317,
      0.939953493773455,
      0.920153446581575,
      0.9414257602103158
    ],
    "std_fitness": [
      0.0071967634773035605,
      0.006941289667324844,
      0.005393659163580036,
      0.007459979842430799,
      0.006914182972191532,
      0.006346257714432021,
      0.005368903386135817,
      0.005867891122292278,
      0.006564323790076493,
      0.006437137114631455,
      0.0061935068992764195,
      0.007665566288890855,
      0.006518061554883352,
      0.006572709739854226,
      0.006386079259118385,
      0.007068374337586855,
      0.00727367626850948,
      0.00704861040971912,
      0.007311911969431938,
      0.008572512074669207,
      0.007091793862281944,
      0.009347355659860779,
      0.008133813216257965,
      0.00811120130878116,
      0.007350934228725701,
      0.010197876843873866,
      0.00736178369830576,
      0.009602055102166156,
      0.009865832606485917,
      0.009574510715145675,
      0.009855042861660532,
      0.007582496161718604,
      0.008706478380636332,
      0.008270858468133396,
      0.0079552886279568,
      0.009195483676581928,
      0.008665952766609772,
      0.00946279301115518,
      0.009003942158615934,
      0.011658976884563124,
      0.007524156858515592,
      0.00883354721032627,
      0.00889210632900513,
      0.01033448994944145,
      0.008478328736767807,
      0.008692073197398531,
      0.008607949805303217,
      0.008615661207195986,
      0.00811757807715649,
      0.010155201203912112,
      0.00785880784327993
    ]
  },
  "ga_config": {
    "population_size": 80,
    "generations": 50,
    "crossover_prob": 0.8,
    "mutation_prob": 0.4,
    "tournament_size": 3,
    "random_state": 42
  },
  "timestamp": "2025-10-12T23:12:04.044927"
}