{
  "model_type": "lightgbm",
  "best_params": {
    "n_estimators": 300,
    "max_depth": 14,
    "learning_rate": 0.2846153391364183,
    "subsample": 0.6856947229481755,
    "colsample_bytree": 0.6223751790197135,
    "reg_alpha": 0.031412958053018136,
    "reg_lambda": 0.7606021652572316,
    "num_leaves": 252
  },
  "best_fitness": 0.9621114305063417,
  "convergence_data": {
    "generation": [
      0,
      1,
      2,
      3,
      4,
      5,
      6,
      7,
      8,
      9,
      10,
      11,
      12,
      13,
      14,
      15,
      16,
      17,
      18,
      19,
      20
    ],
    "avg_fitness": [
      0.9455394398443102,
      0.9501200923118845,
      0.9513901941419302,
      0.9509228687118458,
      0.9531973674793625,
      0.9524385499052472,
      0.9536380897615115,
      0.9534496206940263,
      0.9558637412827807,
      0.956993846548343,
      0.9573600044827557,
      0.9593261289393118,
      0.9586353221779214,
      0.9584648026907209,
      0.9604391291901428,
      0.9616117668930307,
      0.9616766722734927,
      0.9604608718227537,
      0.9615499516465592,
      0.9613228318284023,
      0.9604249449596259
    ],
    "max_fitness": [
      0.9568070560007562,
      0.9568070560007562,
      0.9582265542443305,
      0.9582473398845852,
      0.9582636842971609,
      0.9582636842971609,
      0.9582636842971609,
      0.9582636842971609,
      0.9606548022099369,
      0.9606548022099369,
      0.9606548022099369,
      0.9621114305063417,
      0.9621114305063417,
      0.9621114305063417,
      0.9621114305063417,
      0.9621114305063417,
      0.9621114305063417,
      0.9621114305063417,
      0.9621114305063417,
      0.9621114305063417,
      0.9621114305063417
    ],
    "min_fitness": [
      0.9307731946682801,
      0.9414541053753323,
      0.942374423918516,
      0.942320514130093,
      0.9438200424693978,
      0.9390173130737405,
      0.937512495753308,
      0.9390173130737405,
      0.9438307674801227,
      0.9476584673604542,
      0.9438307674801227,
      0.9447499367301218,
      0.9452442109988294,
      0.9477003233757616,
      0.942887912996972,
      0.9529480352926437,
      0.9544046635890484,
      0.9491624761624177,
      0.9529425108023923,
      0.9384534701681684,
      0.9466732137523356
    ],
    "std_fitness": [
      0.005660083048113627,
      0.003183525128142802,
      0.0035375887804762335,
      0.004086855280669331,
      0.004542150664380969,
      0.005981348510070861,
      0.004909046828303548,
      0.005708300544770355,
      0.003952997830590124,
      0.0033731600305180985,
      0.0037996341052179425,
      0.003468285759671953,
      0.004687246932919009,
      0.004659585540277054,
      0.003904926030235579,
      0.0016829038794493993,
      0.0015372589333999755,
      0.0037953499935451966,
      0.0021096903873239837,
      0.004246733847390503,
      0.004393224662684656
    ]
  },
  "ga_config": {
    "population_size": 30,
    "generations": 20,
    "crossover_prob": 0.6,
    "mutation_prob": 0.2,
    "tournament_size": 3,
    "random_state": 42
  },
  "timestamp": "2025-10-12T22:05:14.700832"
}