{
  "model_type": "random_forest",
  "best_params": {
    "n_estimators": 88,
    "max_depth": 16,
    "min_samples_split": 3,
    "min_samples_leaf": 3,
    "max_features": "log2",
    "bootstrap": false
  },
  "best_fitness": 0.9577407470893531,
  "convergence_data": {
    "generation": [
      0,
      1,
      2,
      3,
      4,
      5,
      6,
      7,
      8,
      9,
      10,
      11,
      12,
      13,
      14,
      15,
      16,
      17,
      18,
      19,
      20
    ],
    "avg_fitness": [
      0.9239547181151018,
      0.9341800123127941,
      0.938038919087695,
      0.9432421900578666,
      0.9471521025552133,
      0.9478144744142039,
      0.9480191259020975,
      0.9487503789279716,
      0.9494041491296704,
      0.9532341656350615,
      0.9551394902123704,
      0.9553009304771505,
      0.9559125632538171,
      0.9553166959234568,
      0.953087052392263,
      0.9529532863661762,
      0.9567454125137339,
      0.9573886412195681,
      0.9543073604033416,
      0.9554787462909703,
      0.9535432448988453
    ],
    "max_fitness": [
      0.9471775709958051,
      0.9486236641046835,
      0.9486236641046835,
      0.9577407470893531,
      0.9577407470893531,
      0.9577407470893531,
      0.9577407470893531,
      0.9577407470893531,
      0.9577407470893531,
      0.9577407470893531,
      0.9577407470893531,
      0.9577407470893531,
      0.9577407470893531,
      0.9577407470893531,
      0.9577407470893531,
      0.9577407470893531,
      0.9577407470893531,
      0.9577407470893531,
      0.9577407470893531,
      0.9577407470893531,
      0.9577407470893531
    ],
    "min_fitness": [
      0.884633980211205,
      0.9010558395049922,
      0.894983532407786,
      0.9013918374398882,
      0.9408940434733395,
      0.9370412423365567,
      0.9365930167298494,
      0.9326921887735221,
      0.9013918374398882,
      0.9327550663967895,
      0.9341739233217256,
      0.9355956237856751,
      0.9370412423365567,
      0.9288578946708108,
      0.8821490262185747,
      0.8957537174830733,
      0.9447214586188729,
      0.9471775709958051,
      0.8821490262185747,
      0.9302946151818657,
      0.9035022554947693
    ],
    "std_fitness": [
      0.017873893284492643,
      0.010593963381433683,
      0.010004284543331472,
      0.009044850400968973,
      0.0036990071702084596,
      0.004883220034318299,
      0.004467746314879966,
      0.00602382899904963,
      0.010117923074891,
      0.005497194796785737,
      0.005956215442864446,
      0.00608616245340071,
      0.00494018104608503,
      0.006341661163707107,
      0.01438463328041578,
      0.014688988429226349,
      0.00328174696155735,
      0.0018961481383512992,
      0.013851421169016533,
      0.00631650947023741,
      0.011736234077185768
    ]
  },
  "ga_config": {
    "population_size": 30,
    "generations": 20,
    "crossover_prob": 0.6,
    "mutation_prob": 0.2,
    "tournament_size": 3,
    "random_state": 42
  },
  "timestamp": "2025-10-12T21:44:16.078977"
}