{
  "model_type": "random_forest",
  "best_params": {
    "n_estimators": 126,
    "max_depth": 28,
    "min_samples_split": 3,
    "min_samples_leaf": 1,
    "max_features": "log2",
    "bootstrap": false
  },
  "best_fitness": 0.9644258925917131,
  "convergence_data": {
    "generation": [
      0,
      1,
      2,
      3,
      4,
      5,
      6,
      7,
      8,
      9,
      10,
      11,
      12,
      13,
      14,
      15,
      16,
      17,
      18,
      19,
      20,
      21,
      22,
      23,
      24,
      25
    ],
    "avg_fitness": [
      0.9335156213374894,
      0.9466752981123259,
      0.9511646847986028,
      0.9527491143854491,
      0.9520019464326092,
      0.9531931210493332,
      0.9530523346056581,
      0.9551958033035263,
      0.9540624160898112,
      0.9520179756062227,
      0.9572941910768293,
      0.9562948690757718,
      0.9592715877604124,
      0.9594073763749453,
      0.9566258011196715,
      0.9548485689092099,
      0.9573226071483816,
      0.9589624715288656,
      0.9573687275997728,
      0.9601260717590154,
      0.9609741777983535,
      0.9606840130184484,
      0.9607329500067918,
      0.9588873411447156,
      0.9589767603558534,
      0.95747837899748
    ],
    "max_fitness": [
      0.9552348044112752,
      0.9581552684060606,
      0.960525768845042,
      0.960525768845042,
      0.960525768845042,
      0.960525768845042,
      0.9619843453870252,
      0.9619843453870252,
      0.9619843453870252,
      0.9619843453870252,
      0.9619843453870252,
      0.9619843453870252,
      0.9619843453870252,
      0.9619843453870252,
      0.9619843453870252,
      0.9619843453870252,
      0.9619843453870252,
      0.9619843453870252,
      0.9619843453870252,
      0.9619843453870252,
      0.9619843453870252,
      0.9644088654280661,
      0.9644088654280661,
      0.9644088654280661,
      0.9644088654280661,
      0.9644258925917131
    ],
    "min_fitness": [
      0.894701678120278,
      0.894701678120278,
      0.8988390114421722,
      0.9393677694854166,
      0.9011478575665955,
      0.9011478575665955,
      0.9011867060716043,
      0.903632818453115,
      0.9026340340958428,
      0.9011867060716043,
      0.9103523843830627,
      0.8988390114421722,
      0.9103523843830627,
      0.9446421707721857,
      0.909980893125349,
      0.9013600198455336,
      0.9103523843830627,
      0.8988390114421722,
      0.9103523843830627,
      0.901152482218141,
      0.9446587339191836,
      0.9393677694854166,
      0.9446587339191836,
      0.9103523843830627,
      0.9330964721552959,
      0.894701678120278
    ],
    "std_fitness": [
      0.01882377343142653,
      0.012761827998573809,
      0.012527552131270353,
      0.005410793542862976,
      0.013094808005247642,
      0.012530590076047064,
      0.01277115895937236,
      0.009241104084157351,
      0.01226838195942425,
      0.015065730499643744,
      0.008524424652723175,
      0.01473987263645637,
      0.008392726551007127,
      0.004861553382337685,
      0.01188076843110176,
      0.015641232807979983,
      0.010690144225812962,
      0.010720271411810572,
      0.011743591858823158,
      0.009536857966708874,
      0.0036507355914993716,
      0.004132181020145861,
      0.0037282304127071795,
      0.009013809795445398,
      0.006919258165405395,
      0.011505201202586975
    ]
  },
  "ga_config": {
    "population_size": 40,
    "generations": 25,
    "crossover_prob": 0.7,
    "mutation_prob": 0.3,
    "tournament_size": 3,
    "random_state": 42
  },
  "timestamp": "2025-10-12T15:58:28.562031"
}