{
  "model_type": "random_forest",
  "best_params": {
    "n_estimators": 192,
    "max_depth": 26,
    "min_samples_split": 9,
    "min_samples_leaf": 2,
    "max_features": "log2",
    "bootstrap": false
  },
  "best_fitness": 0.9538761019840426,
  "convergence_data": {
    "generation": [
      0,
      1,
      2,
      3,
      4,
      5,
      6,
      7,
      8,
      9,
      10,
      11,
      12,
      13,
      14,
      15,
      16,
      17,
      18,
      19,
      20,
      21,
      22,
      23,
      24,
      25,
      26,
      27,
      28,
      29,
      30
    ],
    "avg_fitness": [
      0.9270688967576787,
      0.9386880661304451,
      0.9428778270483701,
      0.9449010511890172,
      0.9434785999058954,
      0.9454385889748198,
      0.9448824881791709,
      0.9456319503490568,
      0.946828759441282,
      0.9489231224038294,
      0.9483509380746906,
      0.9481162608367252,
      0.9479188551179011,
      0.9504837821126252,
      0.9435972183741876,
      0.9460825510344467,
      0.949434533690163,
      0.9520687306597018,
      0.9487719886582647,
      0.9494073332040762,
      0.9495868331944104,
      0.9472286616740461,
      0.9478211677050256,
      0.950847287742564,
      0.9501359151057531,
      0.94764468189136,
      0.9520404455925875,
      0.9501459863190937,
      0.9497179308919382,
      0.951806993943106,
      0.9491047898232029
    ],
    "max_fitness": [
      0.9471775709958051,
      0.9485920585421044,
      0.9500162270715361,
      0.9510356675646607,
      0.9524510792502169,
      0.9524510792502169,
      0.9538761019840426,
      0.9524510792502169,
      0.9524510792502169,
      0.9524510792502169,
      0.9538761019840426,
      0.9538761019840426,
      0.9538761019840426,
      0.9538761019840426,
      0.9538761019840426,
      0.9538761019840426,
      0.9538761019840426,
      0.9538761019840426,
      0.9538761019840426,
      0.9538761019840426,
      0.9538761019840426,
      0.9538761019840426,
      0.9538761019840426,
      0.9538761019840426,
      0.9538761019840426,
      0.9538761019840426,
      0.9538761019840426,
      0.9538761019840426,
      0.9538761019840426,
      0.9538761019840426,
      0.9538761019840426
    ],
    "min_fitness": [
      0.884633980211205,
      0.8957537174830733,
      0.884633980211205,
      0.9302443668554705,
      0.8971757484218273,
      0.8974727873153573,
      0.8971757484218273,
      0.8957537174830733,
      0.884633980211205,
      0.8971757484218273,
      0.8971757484218273,
      0.8971757484218273,
      0.8971757484218273,
      0.8971757484218273,
      0.8957537174830733,
      0.8957537174830733,
      0.8971757484218273,
      0.9235806892607231,
      0.893856204538751,
      0.8957537174830733,
      0.8957537174830733,
      0.8957537174830733,
      0.8957537174830733,
      0.9302894659410914,
      0.8957537174830733,
      0.8957537174830733,
      0.9370115485382129,
      0.8957537174830733,
      0.9288800090734562,
      0.9317571988946185,
      0.8957537174830733
    ],
    "std_fitness": [
      0.016220434233505533,
      0.008613754460969568,
      0.008902950406114218,
      0.0037638045305086344,
      0.011635145590484036,
      0.009735852661244963,
      0.01240856413596888,
      0.011781400313074208,
      0.013060325037726885,
      0.009192303644957586,
      0.01113334295232884,
      0.01132398150391318,
      0.013071330698945933,
      0.008389377255756846,
      0.017426492629799967,
      0.01569059524127694,
      0.010681724019863474,
      0.005747338038664746,
      0.012310816349765866,
      0.011938701334016557,
      0.009987414325314855,
      0.01248535869662662,
      0.012430598421276152,
      0.006039055721237115,
      0.009322629057987216,
      0.012622991513594228,
      0.004285718692868543,
      0.011735841686439347,
      0.0071485433240312335,
      0.005189192730004897,
      0.010067933185678855
    ]
  },
  "ga_config": {
    "population_size": 50,
    "generations": 30,
    "crossover_prob": 0.7,
    "mutation_prob": 0.3,
    "tournament_size": 3,
    "random_state": 42
  },
  "timestamp": "2025-10-12T21:49:01.707091"
}