{
  "model_type": "random_forest",
  "best_params": {
    "n_estimators": 80,
    "max_depth": 8,
    "min_samples_split": 6,
    "min_samples_leaf": 3,
    "max_features": "log2",
    "bootstrap": false
  },
  "best_fitness": 0.9591926494232809,
  "convergence_data": {
    "generation": [
      0,
      1,
      2,
      3,
      4,
      5,
      6,
      7,
      8,
      9,
      10,
      11,
      12,
      13,
      14,
      15,
      16,
      17,
      18,
      19,
      20,
      21,
      22,
      23,
      24,
      25,
      26,
      27,
      28,
      29,
      30,
      31,
      32,
      33,
      34,
      35,
      36,
      37,
      38,
      39,
      40,
      41,
      42,
      43,
      44,
      45,
      46,
      47,
      48,
      49,
      50
    ],
    "avg_fitness": [
      0.9259148192529997,
      0.9368732612226982,
      0.9402468267040398,
      0.9410623468653249,
      0.9411433597205597,
      0.9425631985389117,
      0.941395577343329,
      0.9432026203061674,
      0.9427633880462561,
      0.9474341833707097,
      0.9442544681262712,
      0.9473625152363478,
      0.9509299171041778,
      0.9492134349239283,
      0.9481907557771982,
      0.9501478135429553,
      0.951092312749141,
      0.9516325085593907,
      0.9482352424128822,
      0.948815690263328,
      0.9493819381071404,
      0.9493177959708898,
      0.9485523140798764,
      0.9483605320408,
      0.9475742205826456,
      0.9522243607314416,
      0.9504324560759134,
      0.9488607720167618,
      0.9461928245766951,
      0.9511975119508482,
      0.9480885244402799,
      0.9494450023241887,
      0.947340508166905,
      0.9513163791116479,
      0.9499617078083873,
      0.9502565457839107,
      0.9472323150978493,
      0.9517265041317697,
      0.9509512195781195,
      0.9525481961293589,
      0.950049794369756,
      0.947544952775244,
      0.9509865887411986,
      0.9484191773810606,
      0.9461848534065034,
      0.9505290816757276,
      0.9475862374712458,
      0.9470647096203146,
      0.9493403240376244,
      0.9515950176278434,
      0.9521283710015702
    ],
    "max_fitness": [
      0.9471775709958051,
      0.9514503406109127,
      0.9591926494232809,
      0.9591926494232809,
      0.9591926494232809,
      0.9591926494232809,
      0.9591926494232809,
      0.9591926494232809,
      0.9591926494232809,
      0.9591926494232809,
      0.9591926494232809,
      0.9591926494232809,
      0.9591926494232809,
      0.9591926494232809,
      0.9591926494232809,
      0.9591926494232809,
      0.9591926494232809,
      0.9591926494232809,
      0.9591926494232809,
      0.9591926494232809,
      0.9591926494232809,
      0.9591926494232809,
      0.9591926494232809,
      0.9591926494232809,
      0.9591926494232809,
      0.9591926494232809,
      0.9591926494232809,
      0.9591926494232809,
      0.9591926494232809,
      0.9591926494232809,
      0.9591926494232809,
      0.9591926494232809,
      0.9591926494232809,
      0.9591926494232809,
      0.9591926494232809,
      0.9591926494232809,
      0.9591926494232809,
      0.9591926494232809,
      0.9591926494232809,
      0.9591926494232809,
      0.9591926494232809,
      0.9591926494232809,
      0.9591926494232809,
      0.9591926494232809,
      0.9591926494232809,
      0.9591926494232809,
      0.9591926494232809,
      0.9591926494232809,
      0.9591926494232809,
      0.9591926494232809,
      0.9591926494232809
    ],
    "min_fitness": [
      0.8821490262185747,
      0.893856204538751,
      0.884633980211205,
      0.8896764024137094,
      0.884633980211205,
      0.893856204538751,
      0.8946244703739501,
      0.8896764024137094,
      0.893856204538751,
      0.9274590652753776,
      0.894983532407786,
      0.893856204538751,
      0.9288800090734562,
      0.884633980211205,
      0.884633980211205,
      0.8971757484218273,
      0.894983532407786,
      0.8957537174830733,
      0.894983532407786,
      0.884633980211205,
      0.894983532407786,
      0.8971757484218273,
      0.8974727873153573,
      0.8896764024137094,
      0.893856204538751,
      0.921124807632317,
      0.8974727873153573,
      0.8821490262185747,
      0.8821490262185747,
      0.8821490262185747,
      0.8974727873153573,
      0.894983532407786,
      0.8821490262185747,
      0.893856204538751,
      0.8971757484218273,
      0.8996338085662384,
      0.8996338085662384,
      0.8996338085662384,
      0.8957537174830733,
      0.8957537174830733,
      0.8957537174830733,
      0.8821490262185747,
      0.8821490262185747,
      0.8821490262185747,
      0.884633980211205,
      0.884633980211205,
      0.8821490262185747,
      0.8985677419190838,
      0.893856204538751,
      0.893856204538751,
      0.9129741188314403
    ],
    "std_fitness": [
      0.017472619629026333,
      0.009663205263085608,
      0.009630209468891001,
      0.009306321085577902,
      0.012428537767825565,
      0.009435471195474098,
      0.013178146145557415,
      0.012870343760809994,
      0.014565221254794024,
      0.007374226710593646,
      0.014955800522007791,
      0.014634149756331474,
      0.009621650510752068,
      0.013773096175246536,
      0.01903342938205823,
      0.015676384056724953,
      0.014723058997696901,
      0.012754602413848574,
      0.017297515962091302,
      0.014747153156467966,
      0.016486307605308594,
      0.014651167966988388,
      0.015542499158495362,
      0.01445369928681106,
      0.015777816190497226,
      0.010097014126842826,
      0.01322745820826383,
      0.013673608868574447,
      0.017912798737310335,
      0.014846881777375571,
      0.015101363423727598,
      0.015138502699807108,
      0.01813350334805768,
      0.011252133397820602,
      0.012007485034671105,
      0.012034812708822762,
      0.016112355697823585,
      0.012988916766050672,
      0.013914735620186176,
      0.012715267450515448,
      0.016169052185841925,
      0.018369169755948322,
      0.013764401953815952,
      0.018167470148911728,
      0.018611988362819732,
      0.015732136656937016,
      0.01673585470663046,
      0.015305658234645138,
      0.015355177271958769,
      0.011789797781120827,
      0.011261448168611257
    ]
  },
  "ga_config": {
    "population_size": 80,
    "generations": 50,
    "crossover_prob": 0.8,
    "mutation_prob": 0.4,
    "tournament_size": 3,
    "random_state": 42
  },
  "timestamp": "2025-10-12T21:56:23.459367"
}