{
  "model_type": "xgboost",
  "best_params": {
    "n_estimators": 162,
    "max_depth": 12,
    "learning_rate": 0.1168898409986513,
    "subsample": 0.6363637648695175,
    "colsample_bytree": 0.7147517589253073,
    "reg_alpha": 0.10964913035065915,
    "reg_lambda": 0.20442312435373178
  },
  "best_fitness": 0.960703573336234,
  "convergence_data": {
    "generation": [
      0,
      1,
      2,
      3,
      4,
      5,
      6,
      7,
      8,
      9,
      10,
      11,
      12,
      13,
      14,
      15,
      16,
      17,
      18,
      19,
      20
    ],
    "avg_fitness": [
      0.9447544226083525,
      0.9481330064871417,
      0.9492619971410222,
      0.9491329883488041,
      0.9513815995523434,
      0.9505142505020353,
      0.9516033867090897,
      0.9529082277657099,
      0.9554817478303583,
      0.9568749817983739,
      0.9568702582316914,
      0.9587001154561405,
      0.9588796531561934,
      0.9589081888916916,
      0.9600005746259755,
      0.9595823544177018,
      0.9591466314426549,
      0.9598053227442319,
      0.9593244118651285,
      0.9599673212933468,
      0.9593226115629363
    ],
    "max_fitness": [
      0.9582531491096347,
      0.9582531491096347,
      0.9553449032141001,
      0.9568399940543162,
      0.9592472297746273,
      0.9592472297746273,
      0.960703573336234,
      0.960703573336234,
      0.960703573336234,
      0.960703573336234,
      0.960703573336234,
      0.960703573336234,
      0.960703573336234,
      0.960703573336234,
      0.960703573336234,
      0.960703573336234,
      0.960703573336234,
      0.960703573336234,
      0.960703573336234,
      0.960703573336234,
      0.960703573336234
    ],
    "min_fitness": [
      0.9322412839559822,
      0.9375229011722565,
      0.936149298666842,
      0.9336598195898766,
      0.9414324603536872,
      0.9375229011722565,
      0.9255118775255069,
      0.9284057357794011,
      0.9400634966620692,
      0.9337418955578594,
      0.9438693692328722,
      0.9385359990274594,
      0.9439254706592437,
      0.9477061326008109,
      0.9501513730199684,
      0.9438760693762438,
      0.9386086618175674,
      0.9400147131778523,
      0.9414115953328223,
      0.9505649893162116,
      0.9376038695550337
    ],
    "std_fitness": [
      0.005375491739955584,
      0.004292865486049004,
      0.00396402927046599,
      0.005346276068278804,
      0.004130141515148847,
      0.006406296577176922,
      0.00843682794014196,
      0.007483292126074147,
      0.006214999693610225,
      0.006826149576629819,
      0.005741651101539789,
      0.004756131530578537,
      0.004336636516996936,
      0.003541640678701178,
      0.002630380977662364,
      0.003472205800332889,
      0.004585393471662464,
      0.003842716512430038,
      0.004216708502250546,
      0.0021914298538757084,
      0.00520366015600872
    ]
  },
  "ga_config": {
    "population_size": 30,
    "generations": 20,
    "crossover_prob": 0.6,
    "mutation_prob": 0.2,
    "tournament_size": 3,
    "random_state": 42
  },
  "timestamp": "2025-10-12T21:56:40.721427"
}