{
  "model_type": "xgboost",
  "best_params": {
    "n_estimators": 262,
    "max_depth": 3,
    "learning_rate": 0.2656730433608039,
    "subsample": 0.7512845408483204,
    "colsample_bytree": 0.9465791554027204,
    "reg_alpha": 0.35824227921653284,
    "reg_lambda": 0.7711192230196271
  },
  "best_fitness": 0.9659481963339543,
  "convergence_data": {
    "generation": [
      0,
      1,
      2,
      3,
      4,
      5,
      6,
      7,
      8,
      9,
      10,
      11,
      12,
      13,
      14,
      15,
      16,
      17,
      18,
      19,
      20,
      21,
      22,
      23,
      24,
      25,
      26,
      27,
      28,
      29,
      30
    ],
    "avg_fitness": [
      0.944478894619439,
      0.9462352326648116,
      0.9483573456096758,
      0.9498621370538665,
      0.9504098933233004,
      0.9507682985024225,
      0.9492580783799127,
      0.9511257697874699,
      0.9540390640587565,
      0.9538605647638831,
      0.952828697844856,
      0.9551076171338266,
      0.9527701168777996,
      0.9552832153815045,
      0.956938024985608,
      0.9555606946371239,
      0.9584891288351384,
      0.9579631975016529,
      0.958523864437079,
      0.9594823598421717,
      0.9592956172428534,
      0.9625575329298917,
      0.960580096095394,
      0.9601533830982072,
      0.9617761838087594,
      0.9605190581378693,
      0.9623240098533303,
      0.9599196760565293,
      0.9625259553209983,
      0.9616345947534891,
      0.9616896197173977
    ],
    "max_fitness": [
      0.9582531491096347,
      0.9582265542443305,
      0.9582265542443305,
      0.9620905449591404,
      0.9620750397649167,
      0.9630746449201608,
      0.9620750397649167,
      0.9621114305063417,
      0.9659124356144224,
      0.9659124356144224,
      0.9659124356144224,
      0.9659179601046739,
      0.9659179601046739,
      0.9659179601046739,
      0.9659179601046739,
      0.9659179601046739,
      0.9659179601046739,
      0.9659481963339543,
      0.9659124356144224,
      0.9659124356144224,
      0.9659124356144224,
      0.9659124356144224,
      0.9659124356144224,
      0.9659124356144224,
      0.9659124356144224,
      0.9659124356144224,
      0.9659124356144224,
      0.9659124356144224,
      0.9659124356144224,
      0.9659124356144224,
      0.9659124356144224
    ],
    "min_fitness": [
      0.9322412839559822,
      0.9361414128696574,
      0.9322172127086732,
      0.9298106913547834,
      0.9351163798183666,
      0.9322383514454082,
      0.918102379844235,
      0.9360622890954721,
      0.9390259389997976,
      0.9413726360746227,
      0.9385184052331035,
      0.9346898144344499,
      0.9360997076437997,
      0.9361118838792137,
      0.9424055549230983,
      0.9361089513686397,
      0.9437878674372226,
      0.9413944760964628,
      0.9385525603911961,
      0.9423821720667311,
      0.9360997076437997,
      0.9438293282751438,
      0.9399679720767522,
      0.9322383514454082,
      0.939970904587326,
      0.9399703075670311,
      0.9414257602103158,
      0.9375229011722565,
      0.9399703075670311,
      0.939970904587326,
      0.9399679720767522
    ],
    "std_fitness": [
      0.0055026459532869065,
      0.00525882097629472,
      0.0061403102636409124,
      0.006138605222502704,
      0.0058024192739550735,
      0.006236893287670828,
      0.008395385603157791,
      0.006963230708343439,
      0.0057922635806388996,
      0.006147095421231166,
      0.006390861681925837,
      0.007476038950291122,
      0.00845375982641178,
      0.007352534961652186,
      0.006619582807669678,
      0.007697391097872689,
      0.0061948614498597565,
      0.0070044674600816615,
      0.00700872423307262,
      0.0075277064246293485,
      0.008977321248567824,
      0.006137802825824126,
      0.008311927607786703,
      0.008281295454372528,
      0.00782484813486881,
      0.009303775391332347,
      0.007323396895829201,
      0.009035790870728398,
      0.006839958662890422,
      0.007467105094314687,
      0.007699043108547998
    ]
  },
  "ga_config": {
    "population_size": 50,
    "generations": 30,
    "crossover_prob": 0.7,
    "mutation_prob": 0.3,
    "tournament_size": 3,
    "random_state": 42
  },
  "timestamp": "2025-10-12T21:57:41.558630"
}