{
  "model_type": "xgboost",
  "best_params": {
    "n_estimators": 244,
    "max_depth": 13,
    "learning_rate": 0.19071506888445866,
    "subsample": 0.6503042046081765,
    "colsample_bytree": 0.8276421019463237,
    "reg_alpha": 0.40607516875816285,
    "reg_lambda": 0.8337251693040575
  },
  "best_fitness": 0.9659465658750526,
  "convergence_data": {
    "generation": [
      0,
      1,
      2,
      3,
      4,
      5,
      6,
      7,
      8,
      9,
      10,
      11,
      12,
      13,
      14,
      15,
      16,
      17,
      18,
      19,
      20,
      21,
      22,
      23,
      24,
      25,
      26,
      27,
      28,
      29,
      30,
      31,
      32,
      33,
      34,
      35,
      36,
      37,
      38,
      39,
      40,
      41,
      42,
      43,
      44,
      45,
      46,
      47,
      48,
      49,
      50
    ],
    "avg_fitness": [
      0.9442331123149881,
      0.9469883631546242,
      0.9483855541408405,
      0.9495172662835991,
      0.9504463854158788,
      0.949393235370087,
      0.9495081414797379,
      0.9506924842463267,
      0.9508295866491124,
      0.9499307637591989,
      0.9494008216849259,
      0.9506605060719096,
      0.95113508758179,
      0.9518047597953594,
      0.9518641107594924,
      0.9510332937393929,
      0.9504798610682454,
      0.9497571236838166,
      0.9529963196661067,
      0.952457987110451,
      0.9520719622724698,
      0.9527144802508556,
      0.9527268639010449,
      0.9530468681912992,
      0.9515678784382153,
      0.9515464294672487,
      0.9507196337047764,
      0.9527272979967798,
      0.9518547631096282,
      0.9526931693653136,
      0.9529217101540578,
      0.9534286754008494,
      0.9543872497884142,
      0.9554278849538639,
      0.9567373260978961,
      0.956788319322556,
      0.9577361452056554,
      0.9587040356300272,
      0.9570339090673363,
      0.957571714862901,
      0.9561979744750777,
      0.9567957173149246,
      0.9574089144851599,
      0.9572802098839398,
      0.9585011535291219,
      0.9585219527004171,
      0.9579661451956524,
      0.9595855755341735,
      0.9597396133262984,
      0.9602140764053134,
      0.9601565750147095
    ],
    "max_fitness": [
      0.9597094926712413,
      0.9597094926712413,
      0.9621114305063417,
      0.9659465658750526,
      0.9644902223134456,
      0.9630668919794052,
      0.959295876374998,
      0.9645290447660612,
      0.9645290447660612,
      0.9630727012044547,
      0.9630727012044547,
      0.9630727012044547,
      0.962107750983606,
      0.9630727012044547,
      0.9630727012044547,
      0.9621114305063417,
      0.9606902298746148,
      0.9606902298746148,
      0.9645290447660612,
      0.9645312732165655,
      0.960703573336234,
      0.9630727012044547,
      0.9659465658750526,
      0.9630746449201608,
      0.9621204964536227,
      0.9659465658750526,
      0.9644902223134456,
      0.9621204964536227,
      0.9659465658750526,
      0.9659465658750526,
      0.9644902223134456,
      0.9635346691034934,
      0.9645290447660612,
      0.9659465658750526,
      0.9659465658750526,
      0.9659465658750526,
      0.9659465658750526,
      0.9659465658750526,
      0.9659465658750526,
      0.9659465658750526,
      0.9659465658750526,
      0.9659465658750526,
      0.9659465658750526,
      0.9659465658750526,
      0.9659465658750526,
      0.9659465658750526,
      0.9659465658750526,
      0.9659465658750526,
      0.9659465658750526,
      0.9659465658750526,
      0.9659465658750526
    ],
    "min_fitness": [
      0.9321874018837515,
      0.9317529474901383,
      0.9322172127086732,
      0.9336931862899099,
      0.9375637862131415,
      0.9298106913547834,
      0.9298106913547834,
      0.9346944638223404,
      0.9375055733558201,
      0.9297779480192878,
      0.933661544973865,
      0.9244313301089074,
      0.9336897449313284,
      0.9346944638223404,
      0.9322383514454082,
      0.9375196945023831,
      0.9258370363508214,
      0.9360997076437997,
      0.9414257602103158,
      0.9326949356504456,
      0.9389449926812624,
      0.9375711041552959,
      0.9190898805263656,
      0.9268843854578424,
      0.9268611150370185,
      0.932188017037198,
      0.9332425614884127,
      0.9345952151561624,
      0.929759465261604,
      0.9336931862899099,
      0.9322172127086732,
      0.9346546740935031,
      0.933661544973865,
      0.9375331198980715,
      0.9346150452771119,
      0.9230108237472097,
      0.9385558200207317,
      0.9395169807053632,
      0.9400147131778523,
      0.9312007837609357,
      0.933697803847101,
      0.9351163798183666,
      0.9322096426399372,
      0.9389818472890392,
      0.9322356510604449,
      0.9384930989845593,
      0.9389850539589125,
      0.9308278404372755,
      0.9346285627864829,
      0.9385184052331035,
      0.9414324603536872
    ],
    "std_fitness": [
      0.006038978924670831,
      0.0055127663549555525,
      0.005538430967110057,
      0.005948454101104518,
      0.0058610531493637225,
      0.006608370721175806,
      0.005565894503107583,
      0.005779937400597828,
      0.00586278847758331,
      0.006617231220170104,
      0.006145681914218743,
      0.00637962037982694,
      0.005932522729173873,
      0.007061272949686488,
      0.006410815068564867,
      0.005527564695956649,
      0.0063820601656512585,
      0.005868027746400269,
      0.005335615948712885,
      0.00633336502549798,
      0.005711279466423136,
      0.005694747821083434,
      0.007822796007768374,
      0.006209341828856255,
      0.0069103951803476445,
      0.006670958146675766,
      0.006421155210005263,
      0.005392651396878038,
      0.006335881706447168,
      0.006535998226791944,
      0.006599850804453147,
      0.006909323290151686,
      0.006641193432052014,
      0.006715797919436639,
      0.007339167711722982,
      0.00844536486371748,
      0.007205869483569687,
      0.006845052884349447,
      0.007509975565535852,
      0.008156618576492723,
      0.008182483839797779,
      0.008840479340475731,
      0.008457203459617554,
      0.00789832914749554,
      0.008073239819302414,
      0.0077556209247216165,
      0.008836867116103316,
      0.008583408041201085,
      0.008612559172369524,
      0.009022777438133412,
      0.008459170788345089
    ]
  },
  "ga_config": {
    "population_size": 80,
    "generations": 50,
    "crossover_prob": 0.8,
    "mutation_prob": 0.4,
    "tournament_size": 3,
    "random_state": 42
  },
  "timestamp": "2025-10-12T22:00:26.810119"
}